Statistik från Skolverket, https://www.skolverket.se

Grundskola - Personalstatistik med lärarlegitimation och behörighet
Valt läsår: 2020/21
Valt uttag: 2021-02-12

Från och med läsåret 2024/25 redovisas ingen statistik som baseras på färre än 3 st heltidstjänster för lärare.

;;;;;#Heltidstjänster;#Heltidstjänster;#Heltidstjänster;#Heltidstjänster;#Tjänstgörande lärare;#Tjänstgörande lärare;#Tjänstgörande lärare;#Tjänstgörande lärare;
Kommun;Kommun-kod;Län;Läns-kod;Typ av huvudman;Totalt antal;Antal med lärarlegitimation och behörighet;Andel med lärarlegitimation och behörighet;Förstelärare;Totalt antal;Antal med lärarlegitimation och behörighet i minst ett ämne;Andel med lärarlegitimation och behörighet i minst ett ämne;Förstelärare;
Ale;1440;Västra Götalands län;14;Samtliga;257,9;189,1;73,3;32,7;291;239;82,1;35;
Ale;1440;Västra Götalands län;14;Kommunal;238,1;171,3;72,0;30,1;270;219;81,1;32;
Ale;1440;Västra Götalands län;14;Enskild;19,9;17,8;89,7;2,6;21;20;95,2;3;
Alingsås;1489;Västra Götalands län;14;Samtliga;335,6;237,2;70,7;41,0;397;320;80,6;43;
Alingsås;1489;Västra Götalands län;14;Kommunal;282,0;204,7;72,6;32,3;336;274;81,5;34;
Alingsås;1489;Västra Götalands län;14;Enskild;53,5;32,4;60,6;8,7;61;46;75,4;9;
Alvesta;0764;Kronobergs län;07;Samtliga;182,7;126,1;69,0;28,6;208;173;83,2;31;
Alvesta;0764;Kronobergs län;07;Kommunal;176,9;123,3;69,7;27,6;200;168;84,0;30;
Alvesta;0764;Kronobergs län;07;Enskild;5,8;2,8;48,5;1,0;8;5;62,5;1;
Aneby;0604;Jönköpings län;06;Samtliga;64,0;40,6;63,4;8,3;81;59;72,8;9;
Aneby;0604;Jönköpings län;06;Kommunal;55,7;37,2;66,7;7,3;72;53;73,6;8;
Aneby;0604;Jönköpings län;06;Enskild;8,3;3,4;41,1;1,0;9;6;66,7;1;
Arboga;1984;Västmanlands län;19;Samtliga;102,7;73,0;71,0;18,3;114;89;78,1;19;
Arboga;1984;Västmanlands län;19;Kommunal;102,7;73,0;71,0;18,3;114;89;78,1;19;
Arjeplog;2506;Norrbottens län;25;Samtliga;19,7;11,0;55,9;0,9;24;18;75,0;1;
Arjeplog;2506;Norrbottens län;25;Kommunal;19,7;11,0;55,9;0,9;24;18;75,0;1;
Arvidsjaur;2505;Norrbottens län;25;Samtliga;47,6;35,8;75,3;5,5;54;45;83,3;6;
Arvidsjaur;2505;Norrbottens län;25;Kommunal;47,6;35,8;75,3;5,5;54;45;83,3;6;
Arvika;1784;Värmlands län;17;Samtliga;202,5;149,5;73,8;25,4;263;208;79,1;28;
Arvika;1784;Värmlands län;17;Kommunal;188,3;139,9;74,3;24,0;238;192;80,7;26;
Arvika;1784;Värmlands län;17;Enskild;14,2;9,6;67,6;1,4;25;16;64,0;2;
Askersund;1882;Örebro län;18;Samtliga;82,0;52,5;64,0;9,0;94;72;76,6;9;
Askersund;1882;Örebro län;18;Kommunal;82,0;52,5;64,0;9,0;94;72;76,6;9;
Avesta;2084;Dalarnas län;20;Samtliga;197,0;115,9;58,8;24,0;225;143;63,6;26;
Avesta;2084;Dalarnas län;20;Kommunal;189,7;111,7;58,9;24,0;215;138;64,2;26;
Avesta;2084;Dalarnas län;20;Enskild;7,3;4,3;58,4;.;10;5;50,0;.;
Bengtsfors;1460;Västra Götalands län;14;Samtliga;82,7;51,8;62,7;8,6;96;67;69,8;10;
Bengtsfors;1460;Västra Götalands län;14;Kommunal;82,7;51,8;62,7;8,6;96;67;69,8;10;
Berg;2326;Jämtlands län;23;Samtliga;62,0;41,4;66,8;7,8;84;60;71,4;9;
Berg;2326;Jämtlands län;23;Kommunal;58,7;38,9;66,4;7,1;77;56;72,7;8;
Berg;2326;Jämtlands län;23;Enskild;3,4;2,5;74,2;0,7;7;4;57,1;1;
Bjurholm;2403;Västerbottens län;24;Samtliga;22,6;18,6;82,1;2,0;26;24;92,3;2;
Bjurholm;2403;Västerbottens län;24;Kommunal;22,6;18,6;82,1;2,0;26;24;92,3;2;
Bjuv;1260;Skåne län;12;Samtliga;134,1;81,0;60,4;14,8;149;106;71,1;15;
Bjuv;1260;Skåne län;12;Kommunal;134,1;81,0;60,4;14,8;149;106;71,1;15;
Boden;2582;Norrbottens län;25;Samtliga;204,4;139,6;68,3;25,0;234;186;79,5;28;
Boden;2582;Norrbottens län;25;Kommunal;155,2;108,4;69,8;20,9;178;142;79,8;23;
Boden;2582;Norrbottens län;25;Enskild;49,3;31,2;63,4;4,1;56;44;78,6;5;
Bollebygd;1443;Västra Götalands län;14;Samtliga;85,1;62,8;73,8;17,2;112;90;80,4;20;
Bollebygd;1443;Västra Götalands län;14;Kommunal;77,1;56,8;73,6;11,2;100;79;79,0;12;
Bollebygd;1443;Västra Götalands län;14;Enskild;8,0;6,0;75,4;6,0;12;11;91,7;8;
Bollnäs;2183;Gävleborgs län;21;Samtliga;220,8;136,1;61,6;22,6;264;183;69,3;26;
Bollnäs;2183;Gävleborgs län;21;Kommunal;162,9;108,6;66,7;16,8;195;144;73,8;19;
Bollnäs;2183;Gävleborgs län;21;Enskild;57,9;27,4;47,4;5,9;70;39;55,7;7;
Borgholm;0885;Kalmar län;08;Samtliga;65,9;47,7;72,3;8,1;76;64;84,2;9;
Borgholm;0885;Kalmar län;08;Kommunal;65,9;47,7;72,3;8,1;76;64;84,2;9;
Borlänge;2081;Dalarnas län;20;Samtliga;468,1;285,2;60,9;57,4;536;360;67,2;64;
Borlänge;2081;Dalarnas län;20;Kommunal;427,5;260,7;61,0;55,8;489;326;66,7;62;
Borlänge;2081;Dalarnas län;20;Enskild;40,6;24,5;60,3;1,7;47;34;72,3;2;
Borås;1490;Västra Götalands län;14;Samtliga;905,8;597,9;66,0;109,4;1 054;756;71,7;119;
Borås;1490;Västra Götalands län;14;Kommunal;828,5;549,7;66,4;100,9;963;697;72,4;110;
Borås;1490;Västra Götalands län;14;Enskild;77,3;48,2;62,3;8,5;92;60;65,2;9;
Botkyrka;0127;Stockholms län;01;Samtliga;664,7;409,0;61,5;79,0;721;533;73,9;86;
Botkyrka;0127;Stockholms län;01;Kommunal;566,8;360,6;63,6;71,8;612;470;76,8;78;
Botkyrka;0127;Stockholms län;01;Enskild;97,9;48,5;49,5;7,2;111;64;57,7;8;
Boxholm;0560;Östergötlands län;05;Samtliga;44,2;33,4;75,5;5,1;52;43;82,7;6;
Boxholm;0560;Östergötlands län;05;Kommunal;44,2;33,4;75,5;5,1;52;43;82,7;6;
Bromölla;1272;Skåne län;12;Samtliga;112,6;83,7;74,3;11,8;128;104;81,3;13;
Bromölla;1272;Skåne län;12;Kommunal;112,6;83,7;74,3;11,8;128;104;81,3;13;
Bräcke;2305;Jämtlands län;23;Samtliga;53,0;30,6;57,6;7,2;69;47;68,1;8;
Bräcke;2305;Jämtlands län;23;Kommunal;53,0;30,6;57,6;7,2;69;47;68,1;8;
Burlöv;1231;Skåne län;12;Samtliga;122,7;77,2;62,9;14,1;136;106;77,9;19;
Burlöv;1231;Skåne län;12;Kommunal;122,7;77,2;62,9;14,1;136;106;77,9;19;
Båstad;1278;Skåne län;12;Samtliga;110,5;85,4;77,2;11,9;124;106;85,5;13;
Båstad;1278;Skåne län;12;Kommunal;102,7;78,8;76,7;10,9;114;97;85,1;12;
Båstad;1278;Skåne län;12;Enskild;7,9;6,6;84,1;1,0;14;11;78,6;1;
Dals-Ed;1438;Västra Götalands län;14;Samtliga;43,4;31,6;72,8;6,0;48;38;79,2;6;
Dals-Ed;1438;Västra Götalands län;14;Kommunal;43,4;31,6;72,8;6,0;48;38;79,2;6;
Danderyd;0162;Stockholms län;01;Samtliga;287,5;229,5;79,8;49,7;333;288;86,5;51;
Danderyd;0162;Stockholms län;01;Kommunal;222,2;181,6;81,7;41,9;247;219;88,7;43;
Danderyd;0162;Stockholms län;01;Enskild;65,2;47,9;73,5;7,8;89;71;79,8;8;
Degerfors;1862;Örebro län;18;Samtliga;84,6;60,1;71,0;9,7;92;77;83,7;10;
Degerfors;1862;Örebro län;18;Kommunal;84,6;60,1;71,0;9,7;92;77;83,7;10;
Dorotea;2425;Västerbottens län;24;Samtliga;22,2;14,9;67,1;.;27;20;74,1;.;
Dorotea;2425;Västerbottens län;24;Kommunal;22,2;14,9;67,1;.;27;20;74,1;.;
Eda;1730;Värmlands län;17;Samtliga;75,3;47,0;62,4;6,1;85;60;70,6;7;
Eda;1730;Värmlands län;17;Kommunal;75,3;47,0;62,4;6,1;85;60;70,6;7;
Ekerö;0125;Stockholms län;01;Samtliga;242,2;173,6;71,7;31,8;266;216;81,2;35;
Ekerö;0125;Stockholms län;01;Kommunal;220,6;157,8;71,5;29,2;241;197;81,7;31;
Ekerö;0125;Stockholms län;01;Enskild;21,6;15,8;73,3;2,6;27;20;74,1;4;
Eksjö;0686;Jönköpings län;06;Samtliga;157,8;95,7;60,6;20,2;202;130;64,4;22;
Eksjö;0686;Jönköpings län;06;Kommunal;147,4;91,3;61,9;20,2;191;124;64,9;22;
Eksjö;0686;Jönköpings län;06;Enskild;10,4;4,4;42,3;.;11;6;54,5;.;
Emmaboda;0862;Kalmar län;08;Samtliga;88,6;67,5;76,2;8,7;109;91;83,5;10;
Emmaboda;0862;Kalmar län;08;Kommunal;88,6;67,5;76,2;8,7;109;91;83,5;10;
Enköping;0381;Uppsala län;03;Samtliga;370,1;251,6;68,0;37,9;413;316;76,5;41;
Enköping;0381;Uppsala län;03;Kommunal;294,6;209,0;71,0;32,4;323;260;80,5;35;
Enköping;0381;Uppsala län;03;Enskild;75,5;42,6;56,5;5,6;91;57;62,6;6;
Eskilstuna;0484;Södermanlands län;04;Samtliga;731,1;468,6;64,1;87,4;794;587;73,9;94;
Eskilstuna;0484;Södermanlands län;04;Kommunal;679,1;440,9;64,9;83,1;726;548;75,5;88;
Eskilstuna;0484;Södermanlands län;04;Enskild;52,0;27,7;53,3;4,3;69;40;58,0;6;
Eslöv;1285;Skåne län;12;Samtliga;271,6;195,4;71,9;29,5;298;248;83,2;30;
Eslöv;1285;Skåne län;12;Kommunal;268,0;192,8;71,9;29,5;294;244;83,0;30;
Eslöv;1285;Skåne län;12;Enskild;3,6;2,6;72,2;.;6;4;66,7;.;
Essunga;1445;Västra Götalands län;14;Samtliga;41,3;27,9;67,7;6,3;50;35;70,0;7;
Essunga;1445;Västra Götalands län;14;Kommunal;41,3;27,9;67,7;6,3;50;35;70,0;7;
Fagersta;1982;Västmanlands län;19;Samtliga;151,8;88,5;58,3;19,0;165;110;66,7;20;
Fagersta;1982;Västmanlands län;19;Kommunal;132,8;73,7;55,5;18,0;144;93;64,6;19;
Fagersta;1982;Västmanlands län;19;Enskild;18,9;14,7;77,8;1,0;21;17;81,0;1;
Falkenberg;1382;Hallands län;13;Samtliga;377,6;284,3;75,3;40,1;436;359;82,3;42;
Falkenberg;1382;Hallands län;13;Kommunal;324,6;254,5;78,4;35,2;371;316;85,2;37;
Falkenberg;1382;Hallands län;13;Enskild;52,9;29,9;56,5;4,9;65;43;66,2;5;
Falköping;1499;Västra Götalands län;14;Samtliga;288,2;190,3;66,0;37,2;346;250;72,3;41;
Falköping;1499;Västra Götalands län;14;Kommunal;278,6;187,6;67,3;35,8;333;244;73,3;39;
Falköping;1499;Västra Götalands län;14;Enskild;9,6;2,7;28,2;1,4;13;6;46,2;2;
Falun;2080;Dalarnas län;20;Samtliga;472,5;327,6;69,3;47,9;546;419;76,7;50;
Falun;2080;Dalarnas län;20;Kommunal;407,8;281,9;69,1;39,9;467;358;76,7;42;
Falun;2080;Dalarnas län;20;Enskild;64,7;45,6;70,6;8,0;79;61;77,2;8;
Filipstad;1782;Värmlands län;17;Samtliga;91,2;52,4;57,4;7,2;110;68;61,8;8;
Filipstad;1782;Värmlands län;17;Kommunal;88,0;50,5;57,3;6,2;106;65;61,3;7;
Filipstad;1782;Värmlands län;17;Enskild;3,2;1,9;59,6;1,0;5;3;60,0;1;
Finspång;0562;Östergötlands län;05;Samtliga;158,8;102,7;64,7;12,8;210;148;70,5;14;
Finspång;0562;Östergötlands län;05;Kommunal;156,6;101,3;64,7;12,8;205;145;70,7;14;
Finspång;0562;Östergötlands län;05;Enskild;2,2;1,4;63,5;.;5;3;60,0;.;
Flen;0482;Södermanlands län;04;Samtliga;127,7;69,2;54,2;19,2;152;91;59,9;21;
Flen;0482;Södermanlands län;04;Kommunal;97,3;56,3;57,8;16,4;111;72;64,9;18;
Flen;0482;Södermanlands län;04;Enskild;30,4;12,9;42,4;2,9;41;19;46,3;3;
Forshaga;1763;Värmlands län;17;Samtliga;100,6;79,3;78,8;11,5;121;105;86,8;12;
Forshaga;1763;Värmlands län;17;Kommunal;100,6;79,3;78,8;11,5;121;105;86,8;12;
Färgelanda;1439;Västra Götalands län;14;Samtliga;61,9;42,3;68,4;7,9;76;59;77,6;10;
Färgelanda;1439;Västra Götalands län;14;Kommunal;54,8;39,3;71,7;7,4;66;55;83,3;9;
Färgelanda;1439;Västra Götalands län;14;Enskild;7,1;3,0;42,8;0,5;10;4;40,0;1;
Gagnef;2026;Dalarnas län;20;Samtliga;83,7;63,9;76,3;8,4;102;84;82,4;10;
Gagnef;2026;Dalarnas län;20;Kommunal;83,7;63,9;76,3;8,4;102;84;82,4;10;
Gislaved;0662;Jönköpings län;06;Samtliga;263,6;156,1;59,2;38,1;305;217;71,1;43;
Gislaved;0662;Jönköpings län;06;Kommunal;253,2;150,4;59,4;38,1;291;208;71,5;43;
Gislaved;0662;Jönköpings län;06;Enskild;10,4;5,7;54,7;.;14;9;64,3;.;
Gnesta;0461;Södermanlands län;04;Samtliga;83,5;56,5;67,6;14,7;101;78;77,2;16;
Gnesta;0461;Södermanlands län;04;Kommunal;83,5;56,5;67,6;14,7;101;78;77,2;16;
Gnosjö;0617;Jönköpings län;06;Samtliga;89,8;57,2;63,7;12,7;112;79;70,5;13;
Gnosjö;0617;Jönköpings län;06;Kommunal;89,8;57,2;63,7;12,7;112;79;70,5;13;
Gotland;0980;Gotlands län;09;Samtliga;468,4;321,4;68,6;52,2;534;404;75,7;58;
Gotland;0980;Gotlands län;09;Kommunal;419,0;293,5;70,1;47,7;468;361;77,1;52;
Gotland;0980;Gotlands län;09;Enskild;49,4;27,9;56,5;4,5;67;44;65,7;6;
Grums;1764;Värmlands län;17;Samtliga;77,1;59,6;77,3;9,0;94;74;78,7;10;
Grums;1764;Värmlands län;17;Kommunal;69,1;54,1;78,3;8,0;77;64;83,1;9;
Grums;1764;Värmlands län;17;Enskild;8,0;5,5;68,7;1,0;17;10;58,8;1;
Grästorp;1444;Västra Götalands län;14;Samtliga;44,0;35,8;81,4;4,0;54;47;87,0;5;
Grästorp;1444;Västra Götalands län;14;Kommunal;44,0;35,8;81,4;4,0;54;47;87,0;5;
Gullspång;1447;Västra Götalands län;14;Samtliga;42,1;29,4;69,7;6,5;51;39;76,5;7;
Gullspång;1447;Västra Götalands län;14;Kommunal;42,1;29,4;69,7;6,5;51;39;76,5;7;
Gällivare;2523;Norrbottens län;25;Samtliga;125,0;66,2;52,9;15,3;141;82;58,2;16;
Gällivare;2523;Norrbottens län;25;Kommunal;112,2;56,4;50,3;15,3;126;69;54,8;16;
Gällivare;2523;Norrbottens län;25;Enskild;9,6;7,5;77,9;.;12;9;75,0;.;
Gällivare;2523;Norrbottens län;25;Statlig;3,2;2,3;70,8;.;4;4;100,0;.;
Gävle;2180;Gävleborgs län;21;Samtliga;718,1;489,8;68,2;91,2;812;634;78,1;97;
Gävle;2180;Gävleborgs län;21;Kommunal;612,4;427,7;69,8;77,3;693;555;80,1;82;
Gävle;2180;Gävleborgs län;21;Enskild;105,8;62,1;58,7;13,8;121;80;66,1;15;
Göteborg;1480;Västra Götalands län;14;Samtliga;3 681,1;2 687,3;73,0;470,1;4 185;3 441;82,2;506;
Göteborg;1480;Västra Götalands län;14;Kommunal;2 916,0;2 152,4;73,8;366,3;3 273;2 726;83,3;393;
Göteborg;1480;Västra Götalands län;14;Enskild;765,1;534,8;69,9;103,8;918;717;78,1;113;
Götene;1471;Västra Götalands län;14;Samtliga;109,4;77,2;70,5;15,2;125;103;82,4;19;
Götene;1471;Västra Götalands län;14;Kommunal;109,4;77,2;70,5;15,2;125;103;82,4;19;
Habo;0643;Jönköpings län;06;Samtliga;133,1;115,7;86,9;15,3;162;150;92,6;17;
Habo;0643;Jönköpings län;06;Kommunal;133,1;115,7;86,9;15,3;162;150;92,6;17;
Hagfors;1783;Värmlands län;17;Samtliga;74,6;50,7;67,9;11,9;86;65;75,6;12;
Hagfors;1783;Värmlands län;17;Kommunal;74,6;50,7;67,9;11,9;86;65;75,6;12;
Hallsberg;1861;Örebro län;18;Samtliga;126,2;84,6;67,1;9,0;154;114;74,0;13;
Hallsberg;1861;Örebro län;18;Kommunal;126,2;84,6;67,1;9,0;154;114;74,0;13;
Hallstahammar;1961;Västmanlands län;19;Samtliga;136,7;89,3;65,4;18,8;150;117;78,0;21;
Hallstahammar;1961;Västmanlands län;19;Kommunal;136,7;89,3;65,4;18,8;150;117;78,0;21;
Halmstad;1380;Hallands län;13;Samtliga;759,0;568,6;74,9;83,6;839;733;87,4;88;
Halmstad;1380;Hallands län;13;Kommunal;710,6;535,3;75,3;76,0;783;690;88,1;79;
Halmstad;1380;Hallands län;13;Enskild;48,4;33,3;68,8;7,7;56;43;76,8;9;
Hammarö;1761;Värmlands län;17;Samtliga;167,2;138,2;82,7;14,7;184;165;89,7;15;
Hammarö;1761;Värmlands län;17;Kommunal;167,2;138,2;82,7;14,7;184;165;89,7;15;
Haninge;0136;Stockholms län;01;Samtliga;622,3;367,0;59,0;79,6;690;470;68,1;84;
Haninge;0136;Stockholms län;01;Kommunal;520,5;316,8;60,9;68,1;574;404;70,4;72;
Haninge;0136;Stockholms län;01;Enskild;101,8;50,2;49,3;11,5;118;67;56,8;12;
Haparanda;2583;Norrbottens län;25;Samtliga;86,0;54,9;63,9;12,8;106;70;66,0;13;
Haparanda;2583;Norrbottens län;25;Kommunal;81,9;53,6;65,4;11,8;101;67;66,3;12;
Haparanda;2583;Norrbottens län;25;Enskild;4,1;1,4;32,9;1,0;5;3;60,0;1;
Heby;0331;Uppsala län;03;Samtliga;97,8;68,8;70,3;13,6;122;94;77,0;15;
Heby;0331;Uppsala län;03;Kommunal;94,3;66,6;70,6;12,6;117;91;77,8;14;
Heby;0331;Uppsala län;03;Enskild;3,5;2,2;62,0;1,0;5;3;60,0;1;
Hedemora;2083;Dalarnas län;20;Samtliga;127,6;70,5;55,3;16,2;152;100;65,8;20;
Hedemora;2083;Dalarnas län;20;Kommunal;103,5;58,9;56,9;14,9;119;80;67,2;17;
Hedemora;2083;Dalarnas län;20;Enskild;24,1;11,6;48,4;1,4;33;20;60,6;3;
Helsingborg;1283;Skåne län;12;Samtliga;1 121,4;767,0;68,4;172,4;1 294;962;74,3;183;
Helsingborg;1283;Skåne län;12;Kommunal;884,4;628,7;71,1;136,3;998;779;78,1;144;
Helsingborg;1283;Skåne län;12;Enskild;237,0;138,3;58,4;36,1;299;186;62,2;39;
Herrljunga;1466;Västra Götalands län;14;Samtliga;89,7;63,7;71,0;11,5;108;87;80,6;13;
Herrljunga;1466;Västra Götalands län;14;Kommunal;89,7;63,7;71,0;11,5;108;87;80,6;13;
Hjo;1497;Västra Götalands län;14;Samtliga;74,1;57,4;77,4;8,7;91;72;79,1;10;
Hjo;1497;Västra Götalands län;14;Kommunal;74,1;57,4;77,4;8,7;91;72;79,1;10;
Hofors;2104;Gävleborgs län;21;Samtliga;69,4;43,0;62,0;8,0;80;56;70,0;9;
Hofors;2104;Gävleborgs län;21;Kommunal;69,4;43,0;62,0;8,0;80;56;70,0;9;
Huddinge;0126;Stockholms län;01;Samtliga;726,8;527,7;72,6;98,6;801;654;81,6;107;
Huddinge;0126;Stockholms län;01;Kommunal;646,1;473,4;73,3;88,9;704;581;82,5;96;
Huddinge;0126;Stockholms län;01;Enskild;80,7;54,3;67,4;9,7;97;73;75,3;11;
Hudiksvall;2184;Gävleborgs län;21;Samtliga;316,2;206,6;65,4;24,2;377;270;71,6;27;
Hudiksvall;2184;Gävleborgs län;21;Kommunal;289,0;190,7;66,0;24,2;341;250;73,3;27;
Hudiksvall;2184;Gävleborgs län;21;Enskild;27,3;16,0;58,6;.;37;20;54,1;.;
Hultsfred;0860;Kalmar län;08;Samtliga;115,5;55,5;48,1;9,8;157;82;52,2;11;
Hultsfred;0860;Kalmar län;08;Kommunal;92,7;44,4;47,9;9,8;129;66;51,2;11;
Hultsfred;0860;Kalmar län;08;Enskild;22,7;11,1;48,6;.;28;16;57,1;.;
Hylte;1315;Hallands län;13;Samtliga;110,0;57,8;52,5;8,6;133;88;66,2;9;
Hylte;1315;Hallands län;13;Kommunal;102,5;54,3;53,0;8,6;122;82;67,2;9;
Hylte;1315;Hallands län;13;Enskild;7,6;3,4;45,5;.;12;7;58,3;.;
Hällefors;1863;Örebro län;18;Samtliga;65,2;34,4;52,8;5,5;78;44;56,4;6;
Hällefors;1863;Örebro län;18;Kommunal;65,2;34,4;52,8;5,5;78;44;56,4;6;
Härjedalen;2361;Jämtlands län;23;Samtliga;74,6;47,6;63,7;3,4;94;68;72,3;4;
Härjedalen;2361;Jämtlands län;23;Kommunal;74,6;47,6;63,7;3,4;94;68;72,3;4;
Härnösand;2280;Västernorrlands län;22;Samtliga;208,1;147,7;71,0;23,1;232;190;81,9;24;
Härnösand;2280;Västernorrlands län;22;Kommunal;190,5;136,7;71,7;22,1;213;175;82,2;23;
Härnösand;2280;Västernorrlands län;22;Enskild;17,6;11,0;62,7;1,0;19;15;78,9;1;
Härryda;1401;Västra Götalands län;14;Samtliga;388,7;299,7;77,1;37,9;464;397;85,6;42;
Härryda;1401;Västra Götalands län;14;Kommunal;354,3;273,9;77,3;32,9;425;366;86,1;37;
Härryda;1401;Västra Götalands län;14;Enskild;34,5;25,8;74,9;5,0;40;32;80,0;5;
Hässleholm;1293;Skåne län;12;Samtliga;445,8;323,2;72,5;45,4;509;402;79,0;50;
Hässleholm;1293;Skåne län;12;Kommunal;421,8;306,8;72,7;43,1;478;379;79,3;47;
Hässleholm;1293;Skåne län;12;Enskild;24,0;16,4;68,3;2,3;31;23;74,2;3;
Håbo;0305;Uppsala län;03;Samtliga;188,7;121,2;64,3;25,7;218;162;74,3;28;
Håbo;0305;Uppsala län;03;Kommunal;157,9;103,7;65,7;21,5;178;135;75,8;23;
Håbo;0305;Uppsala län;03;Enskild;30,8;17,6;57,1;4,2;40;27;67,5;5;
Höganäs;1284;Skåne län;12;Samtliga;225,2;168,1;74,6;27,3;253;209;82,6;29;
Höganäs;1284;Skåne län;12;Kommunal;201,2;158,7;78,9;24,7;220;191;86,8;26;
Höganäs;1284;Skåne län;12;Enskild;24,1;9,4;39,1;2,7;33;18;54,5;3;
Högsby;0821;Kalmar län;08;Samtliga;58,9;26,9;45,7;6,0;66;38;57,6;6;
Högsby;0821;Kalmar län;08;Kommunal;58,9;26,9;45,7;6,0;66;38;57,6;6;
Hörby;1266;Skåne län;12;Samtliga;119,6;81,0;67,7;9,5;150;109;72,7;11;
Hörby;1266;Skåne län;12;Kommunal;104,3;70,9;68,0;9,5;131;96;73,3;11;
Hörby;1266;Skåne län;12;Enskild;15,4;10,1;65,8;.;19;13;68,4;.;
Höör;1267;Skåne län;12;Samtliga;128,3;83,6;65,2;13,8;159;115;72,3;15;
Höör;1267;Skåne län;12;Kommunal;107,6;71,8;66,7;13,8;131;95;72,5;15;
Höör;1267;Skåne län;12;Enskild;20,7;11,9;57,4;.;28;20;71,4;.;
Jokkmokk;2510;Norrbottens län;25;Samtliga;38,8;18,1;46,7;4,8;56;29;51,8;5;
Jokkmokk;2510;Norrbottens län;25;Kommunal;29,4;13,8;47,1;4,0;40;21;52,5;4;
Jokkmokk;2510;Norrbottens län;25;Statlig;7,0;3,0;42,6;.;12;6;50,0;.;
Jokkmokk;2510;Norrbottens län;25;Enskild;2,5;1,3;53,5;0,8;5;3;60,0;1;
Järfälla;0123;Stockholms län;01;Samtliga;505,3;350,8;69,4;59,7;544;436;80,1;62;
Järfälla;0123;Stockholms län;01;Kommunal;470,8;334,3;71,0;55,9;503;411;81,7;58;
Järfälla;0123;Stockholms län;01;Enskild;34,5;16,5;47,8;3,8;42;25;59,5;4;
Jönköping;0680;Jönköpings län;06;Samtliga;1 118,0;864,6;77,3;123,5;1 302;1 092;83,9;134;
Jönköping;0680;Jönköpings län;06;Kommunal;1 019,4;818,0;80,2;116,4;1 180;1 020;86,4;126;
Jönköping;0680;Jönköpings län;06;Enskild;98,7;46,6;47,2;7,1;124;73;58,9;8;
Kalix;2514;Norrbottens län;25;Samtliga;127,6;100,8;79,1;13,6;146;128;87,7;15;
Kalix;2514;Norrbottens län;25;Kommunal;115,9;93,3;80,5;11,6;132;119;90,2;13;
Kalix;2514;Norrbottens län;25;Enskild;11,7;7,5;64,5;2,0;14;9;64,3;2;
Kalmar;0880;Kalmar län;08;Samtliga;566,8;496,2;87,5;62,0;645;594;92,1;70;
Kalmar;0880;Kalmar län;08;Kommunal;512,0;457,5;89,3;57,8;572;534;93,4;64;
Kalmar;0880;Kalmar län;08;Enskild;54,8;38,8;70,7;4,2;74;60;81,1;6;
Karlsborg;1446;Västra Götalands län;14;Samtliga;58,5;43,5;74,3;6,0;68;56;82,4;6;
Karlsborg;1446;Västra Götalands län;14;Kommunal;49,6;38,9;78,4;5,0;59;49;83,1;5;
Karlsborg;1446;Västra Götalands län;14;Enskild;9,0;4,6;51,6;1,0;9;7;77,8;1;
Karlshamn;1082;Blekinge län;10;Samtliga;233,2;175,3;75,2;31,5;287;227;79,1;35;
Karlshamn;1082;Blekinge län;10;Kommunal;207,9;161,4;77,6;26,7;255;209;82,0;30;
Karlshamn;1082;Blekinge län;10;Enskild;25,3;13,9;54,9;4,8;34;18;52,9;5;
Karlskoga;1883;Örebro län;18;Samtliga;234,7;171,2;72,9;28,9;272;214;78,7;32;
Karlskoga;1883;Örebro län;18;Kommunal;228,1;165,6;72,6;28,9;263;206;78,3;32;
Karlskoga;1883;Örebro län;18;Enskild;6,7;5,6;84,1;.;9;8;88,9;.;
Karlskrona;1080;Blekinge län;10;Samtliga;527,2;371,5;70,5;62,2;598;483;80,8;65;
Karlskrona;1080;Blekinge län;10;Kommunal;411,3;293,4;71,3;44,1;463;380;82,1;45;
Karlskrona;1080;Blekinge län;10;Enskild;115,9;78,1;67,5;18,2;136;104;76,5;20;
Karlstad;1780;Värmlands län;17;Samtliga;585,8;477,6;81,5;82,7;690;605;87,7;91;
Karlstad;1780;Värmlands län;17;Kommunal;558,5;462,3;82,8;80,8;650;582;89,5;89;
Karlstad;1780;Värmlands län;17;Enskild;27,4;15,3;56,1;1,9;46;27;58,7;2;
Katrineholm;0483;Södermanlands län;04;Samtliga;300,3;186,9;62,2;39,2;353;248;70,3;44;
Katrineholm;0483;Södermanlands län;04;Kommunal;275,6;170,1;61,7;35,2;326;228;69,9;40;
Katrineholm;0483;Södermanlands län;04;Enskild;24,7;16,8;67,9;4,0;27;20;74,1;4;
Kil;1715;Värmlands län;17;Samtliga;111,4;89,1;80,0;6,7;127;118;92,9;8;
Kil;1715;Värmlands län;17;Kommunal;111,4;89,1;80,0;6,7;127;118;92,9;8;
Kinda;0513;Östergötlands län;05;Samtliga;81,3;61,9;76,1;10,3;101;83;82,2;11;
Kinda;0513;Östergötlands län;05;Kommunal;81,3;61,9;76,1;10,3;101;83;82,2;11;
Kiruna;2584;Norrbottens län;25;Samtliga;199,7;114,1;57,1;18,6;231;150;64,9;19;
Kiruna;2584;Norrbottens län;25;Kommunal;173,9;97,2;55,9;14,6;198;127;64,1;15;
Kiruna;2584;Norrbottens län;25;Statlig;9,0;5,0;56,1;1,0;14;9;64,3;1;
Kiruna;2584;Norrbottens län;25;Enskild;16,8;11,8;70,6;3,0;20;14;70,0;3;
Klippan;1276;Skåne län;12;Samtliga;138,2;96,4;69,8;14,5;154;120;77,9;15;
Klippan;1276;Skåne län;12;Kommunal;125,7;89,0;70,8;13,7;136;109;80,1;14;
Klippan;1276;Skåne län;12;Enskild;12,5;7,5;59,4;0,8;18;11;61,1;1;
Knivsta;0330;Uppsala län;03;Samtliga;193,2;139,9;72,4;24,8;218;175;80,3;28;
Knivsta;0330;Uppsala län;03;Kommunal;170,0;124,4;73,2;23,0;194;156;80,4;26;
Knivsta;0330;Uppsala län;03;Enskild;23,2;15,5;66,9;1,8;26;20;76,9;2;
Kramfors;2282;Västernorrlands län;22;Samtliga;131,6;86,3;65,5;7,7;156;115;73,7;9;
Kramfors;2282;Västernorrlands län;22;Kommunal;127,2;82,9;65,2;7,7;149;108;72,5;9;
Kramfors;2282;Västernorrlands län;22;Enskild;4,4;3,4;76,3;.;8;7;87,5;.;
Kristianstad;1290;Skåne län;12;Samtliga;685,8;518,6;75,6;80,8;799;678;84,9;85;
Kristianstad;1290;Skåne län;12;Kommunal;610,3;470,4;77,1;69,4;704;614;87,2;73;
Kristianstad;1290;Skåne län;12;Enskild;75,5;48,2;63,9;11,4;96;65;67,7;12;
Kristinehamn;1781;Värmlands län;17;Samtliga;181,7;125,0;68,8;18,5;199;162;81,4;19;
Kristinehamn;1781;Värmlands län;17;Kommunal;181,7;125,0;68,8;18,5;199;162;81,4;19;
Krokom;2309;Jämtlands län;23;Samtliga;167,7;111,5;66,5;17,3;201;155;77,1;19;
Krokom;2309;Jämtlands län;23;Kommunal;167,7;111,5;66,5;17,3;201;155;77,1;19;
Kumla;1881;Örebro län;18;Samtliga;192,5;147,8;76,8;20,6;212;180;84,9;22;
Kumla;1881;Örebro län;18;Kommunal;192,5;147,8;76,8;20,6;212;180;84,9;22;
Kungsbacka;1384;Hallands län;13;Samtliga;744,7;557,6;74,9;88,0;860;707;82,2;99;
Kungsbacka;1384;Hallands län;13;Kommunal;652,4;492,2;75,4;75,4;750;618;82,4;85;
Kungsbacka;1384;Hallands län;13;Enskild;92,3;65,4;70,9;12,6;111;89;80,2;14;
Kungsör;1960;Västmanlands län;19;Samtliga;65,1;45,0;69,1;13,0;72;55;76,4;13;
Kungsör;1960;Västmanlands län;19;Kommunal;65,1;45,0;69,1;13,0;72;55;76,4;13;
Kungälv;1482;Västra Götalands län;14;Samtliga;370,2;290,1;78,4;27,2;408;353;86,5;29;
Kungälv;1482;Västra Götalands län;14;Kommunal;329,8;264,1;80,1;24,5;360;318;88,3;26;
Kungälv;1482;Västra Götalands län;14;Enskild;40,4;26,0;64,3;2,7;49;36;73,5;3;
Kävlinge;1261;Skåne län;12;Samtliga;290,2;226,1;77,9;41,3;327;268;82,0;44;
Kävlinge;1261;Skåne län;12;Kommunal;250,8;198,8;79,3;35,7;279;233;83,5;37;
Kävlinge;1261;Skåne län;12;Enskild;39,4;27,2;69,1;5,7;48;35;72,9;7;
Köping;1983;Västmanlands län;19;Samtliga;238,5;155,7;65,3;27,8;265;194;73,2;28;
Köping;1983;Västmanlands län;19;Kommunal;238,5;155,7;65,3;27,8;265;194;73,2;28;
Laholm;1381;Hallands län;13;Samtliga;207,9;156,3;75,2;18,3;244;212;86,9;21;
Laholm;1381;Hallands län;13;Kommunal;199,6;151,0;75,7;16,3;232;202;87,1;19;
Laholm;1381;Hallands län;13;Enskild;8,2;5,3;64,0;2,0;12;10;83,3;2;
Landskrona;1282;Skåne län;12;Samtliga;339,3;230,4;67,9;55,5;380;297;78,2;58;
Landskrona;1282;Skåne län;12;Kommunal;268,3;188,0;70,1;46,9;300;242;80,7;50;
Landskrona;1282;Skåne län;12;Enskild;71,1;42,4;59,7;8,6;81;56;69,1;8;
Laxå;1860;Örebro län;18;Samtliga;35,5;26,1;73,4;5,5;38;32;84,2;6;
Laxå;1860;Örebro län;18;Kommunal;35,5;26,1;73,4;5,5;38;32;84,2;6;
Lekeberg;1814;Örebro län;18;Samtliga;76,4;48,4;63,3;6,0;86;63;73,3;6;
Lekeberg;1814;Örebro län;18;Kommunal;76,4;48,4;63,3;6,0;86;63;73,3;6;
Leksand;2029;Dalarnas län;20;Samtliga;117,0;78,9;67,4;13,9;153;111;72,5;15;
Leksand;2029;Dalarnas län;20;Kommunal;94,9;66,6;70,2;12,1;120;90;75,0;13;
Leksand;2029;Dalarnas län;20;Enskild;22,1;12,2;55,3;1,8;33;21;63,6;2;
Lerum;1441;Västra Götalands län;14;Samtliga;422,4;300,8;71,2;48,3;496;408;82,3;53;
Lerum;1441;Västra Götalands län;14;Kommunal;392,8;277,6;70,7;44,3;460;377;82,0;49;
Lerum;1441;Västra Götalands län;14;Enskild;29,5;23,2;78,5;4,0;36;31;86,1;4;
Lessebo;0761;Kronobergs län;07;Samtliga;85,4;62,4;73,1;11,0;100;78;78,0;11;
Lessebo;0761;Kronobergs län;07;Kommunal;85,4;62,4;73,1;11,0;100;78;78,0;11;
Lidingö;0186;Stockholms län;01;Samtliga;350,5;260,8;74,4;55,0;394;318;80,7;57;
Lidingö;0186;Stockholms län;01;Kommunal;302,1;228,0;75,4;53,1;335;275;82,1;55;
Lidingö;0186;Stockholms län;01;Enskild;48,4;32,9;67,9;1,9;60;44;73,3;2;
Lidköping;1494;Västra Götalands län;14;Samtliga;361,9;283,0;78,2;47,7;415;351;84,6;51;
Lidköping;1494;Västra Götalands län;14;Kommunal;330,5;255,7;77,4;43,7;380;319;83,9;47;
Lidköping;1494;Västra Götalands län;14;Enskild;31,4;27,3;86,9;4,0;35;32;91,4;4;
Lilla Edet;1462;Västra Götalands län;14;Samtliga;91,5;56,8;62,1;11,6;107;74;69,2;13;
Lilla Edet;1462;Västra Götalands län;14;Kommunal;82,9;54,0;65,1;10,4;91;69;75,8;11;
Lilla Edet;1462;Västra Götalands län;14;Enskild;8,5;2,8;32,8;1,2;16;5;31,3;2;
Lindesberg;1885;Örebro län;18;Samtliga;196,9;135,7;68,9;25,2;229;176;76,9;26;
Lindesberg;1885;Örebro län;18;Kommunal;187,3;130,0;69,4;25,2;213;166;77,9;26;
Lindesberg;1885;Örebro län;18;Enskild;9,6;5,7;59,1;.;16;10;62,5;.;
Linköping;0580;Östergötlands län;05;Samtliga;1 255,7;985,4;78,5;117,1;1 453;1 249;86,0;127;
Linköping;0580;Östergötlands län;05;Kommunal;1 112,9;880,7;79,1;105,7;1 277;1 102;86,3;114;
Linköping;0580;Östergötlands län;05;Enskild;142,8;104,7;73,3;11,4;177;147;83,1;13;
Ljungby;0781;Kronobergs län;07;Samtliga;241,1;155,6;64,6;28,8;290;214;73,8;31;
Ljungby;0781;Kronobergs län;07;Kommunal;228,1;148,5;65,1;26,9;271;200;73,8;29;
Ljungby;0781;Kronobergs län;07;Enskild;13,0;7,1;54,8;1,9;21;15;71,4;2;
Ljusdal;2161;Gävleborgs län;21;Samtliga;151,7;93,7;61,7;16,1;179;122;68,2;17;
Ljusdal;2161;Gävleborgs län;21;Kommunal;121,5;73,6;60,6;12,3;140;94;67,1;13;
Ljusdal;2161;Gävleborgs län;21;Enskild;30,2;20,0;66,3;3,8;41;29;70,7;4;
Ljusnarsberg;1864;Örebro län;18;Samtliga;35,3;19,8;56,2;6,4;40;27;67,5;7;
Ljusnarsberg;1864;Örebro län;18;Kommunal;35,3;19,8;56,2;6,4;40;27;67,5;7;
Lomma;1262;Skåne län;12;Samtliga;255,8;204,1;79,8;39,4;290;252;86,9;42;
Lomma;1262;Skåne län;12;Kommunal;240,5;195,3;81,2;36,5;271;238;87,8;39;
Lomma;1262;Skåne län;12;Enskild;15,3;8,8;57,5;2,9;19;14;73,7;3;
Ludvika;2085;Dalarnas län;20;Samtliga;227,4;115,9;51,0;24,6;267;153;57,3;25;
Ludvika;2085;Dalarnas län;20;Kommunal;222,2;112,1;50,5;24,6;257;146;56,8;25;
Ludvika;2085;Dalarnas län;20;Enskild;5,2;3,8;72,7;.;10;7;70,0;.;
Luleå;2580;Norrbottens län;25;Samtliga;623,1;503,2;80,7;75,7;666;587;88,1;78;
Luleå;2580;Norrbottens län;25;Kommunal;557,7;447,6;80,3;66,7;597;521;87,3;69;
Luleå;2580;Norrbottens län;25;Enskild;65,5;55,6;84,9;9,0;70;66;94,3;9;
Lund;1281;Skåne län;12;Samtliga;893,8;695,0;77,8;101,1;1 056;903;85,5;112;
Lund;1281;Skåne län;12;Kommunal;761,3;605,2;79,5;85,8;900;781;86,8;96;
Lund;1281;Skåne län;12;Enskild;132,5;89,8;67,8;15,3;157;123;78,3;16;
Lycksele;2481;Västerbottens län;24;Samtliga;91,4;64,7;70,8;11,1;111;89;80,2;12;
Lycksele;2481;Västerbottens län;24;Kommunal;91,4;64,7;70,8;11,1;111;89;80,2;12;
Lysekil;1484;Västra Götalands län;14;Samtliga;102,1;78,4;76,8;15,5;111;95;85,6;16;
Lysekil;1484;Västra Götalands län;14;Kommunal;102,1;78,4;76,8;15,5;111;95;85,6;16;
Malmö;1280;Skåne län;12;Samtliga;2 308,4;1 558,2;67,5;289,0;2 549;1 986;77,9;310;
Malmö;1280;Skåne län;12;Kommunal;1 977,0;1 359,1;68,7;242,8;2 160;1 729;80,0;260;
Malmö;1280;Skåne län;12;Enskild;331,4;199,1;60,1;46,2;394;259;65,7;50;
Malung-Sälen;2023;Dalarnas län;20;Samtliga;82,6;44,8;54,3;10,0;106;63;59,4;10;
Malung-Sälen;2023;Dalarnas län;20;Kommunal;82,6;44,8;54,3;10,0;106;63;59,4;10;
Malå;2418;Västerbottens län;24;Samtliga;37,4;25,3;67,5;3,5;42;34;81,0;4;
Malå;2418;Västerbottens län;24;Kommunal;37,4;25,3;67,5;3,5;42;34;81,0;4;
Mariestad;1493;Västra Götalands län;14;Samtliga;188,0;136,6;72,6;21,4;218;172;78,9;23;
Mariestad;1493;Västra Götalands län;14;Kommunal;160,5;117,6;73,3;17,4;188;149;79,3;18;
Mariestad;1493;Västra Götalands län;14;Enskild;27,6;19,0;68,8;4,0;30;23;76,7;5;
Mark;1463;Västra Götalands län;14;Samtliga;313,8;213,5;68,0;42,3;370;275;74,3;44;
Mark;1463;Västra Götalands län;14;Kommunal;296,0;208,4;70,4;41,4;339;266;78,5;43;
Mark;1463;Västra Götalands län;14;Enskild;17,7;5,0;28,4;1,0;31;9;29,0;1;
Markaryd;0767;Kronobergs län;07;Samtliga;89,9;55,1;61,3;5,9;108;73;67,6;6;
Markaryd;0767;Kronobergs län;07;Kommunal;89,9;55,1;61,3;5,9;108;73;67,6;6;
Mellerud;1461;Västra Götalands län;14;Samtliga;87,7;54,7;62,4;4,7;111;76;68,5;5;
Mellerud;1461;Västra Götalands län;14;Kommunal;87,7;54,7;62,4;4,7;111;76;68,5;5;
Mjölby;0586;Östergötlands län;05;Samtliga;253,1;191,6;75,7;28,8;292;250;85,6;31;
Mjölby;0586;Östergötlands län;05;Kommunal;253,1;191,6;75,7;28,8;292;250;85,6;31;
Mora;2062;Dalarnas län;20;Samtliga;164,2;116,0;70,7;18,6;191;147;77,0;20;
Mora;2062;Dalarnas län;20;Kommunal;159,2;111,4;70,0;18,1;182;139;76,4;19;
Mora;2062;Dalarnas län;20;Enskild;5,0;4,6;91,5;0,5;11;9;81,8;1;
Motala;0583;Östergötlands län;05;Samtliga;345,2;250,8;72,7;56,3;398;327;82,2;60;
Motala;0583;Östergötlands län;05;Kommunal;322,5;235,2;72,9;51,3;373;309;82,8;55;
Motala;0583;Östergötlands län;05;Enskild;22,7;15,6;68,6;5,0;25;18;72,0;5;
Mullsjö;0642;Jönköpings län;06;Samtliga;65,1;49,2;75,6;9,1;84;64;76,2;10;
Mullsjö;0642;Jönköpings län;06;Kommunal;65,1;49,2;75,6;9,1;84;64;76,2;10;
Munkedal;1430;Västra Götalands län;14;Samtliga;87,7;62,4;71,2;9,8;102;80;78,4;10;
Munkedal;1430;Västra Götalands län;14;Kommunal;87,7;62,4;71,2;9,8;102;80;78,4;10;
Munkfors;1762;Värmlands län;17;Samtliga;26,7;16,0;59,8;5,0;28;20;71,4;5;
Munkfors;1762;Värmlands län;17;Kommunal;26,7;16,0;59,8;5,0;28;20;71,4;5;
Mölndal;1481;Västra Götalands län;14;Samtliga;516,4;419,8;81,3;61,5;582;519;89,2;69;
Mölndal;1481;Västra Götalands län;14;Kommunal;480,7;394,1;82,0;57,5;540;486;90,0;65;
Mölndal;1481;Västra Götalands län;14;Enskild;35,7;25,7;72,1;4,0;42;33;78,6;4;
Mönsterås;0861;Kalmar län;08;Samtliga;118,9;86,1;72,4;12,0;147;121;82,3;13;
Mönsterås;0861;Kalmar län;08;Kommunal;118,9;86,1;72,4;12,0;147;121;82,3;13;
Mörbylånga;0840;Kalmar län;08;Samtliga;148,8;118,0;79,3;15,3;180;157;87,2;17;
Mörbylånga;0840;Kalmar län;08;Kommunal;119,2;92,6;77,7;12,4;140;122;87,1;14;
Mörbylånga;0840;Kalmar län;08;Enskild;29,5;25,4;86,0;2,9;40;35;87,5;3;
Nacka;0182;Stockholms län;01;Samtliga;764,1;579,6;75,9;95,2;843;708;84,0;99;
Nacka;0182;Stockholms län;01;Kommunal;559,4;446,7;79,9;68,7;606;533;88,0;72;
Nacka;0182;Stockholms län;01;Enskild;204,8;132,9;64,9;26,5;238;176;73,9;27;
Nora;1884;Örebro län;18;Samtliga;80,8;62,8;77,8;10,6;101;83;82,2;14;
Nora;1884;Örebro län;18;Kommunal;75,4;59,1;78,4;9,6;95;78;82,1;13;
Nora;1884;Örebro län;18;Enskild;5,4;3,7;69,3;1,0;8;7;87,5;1;
Norberg;1962;Västmanlands län;19;Samtliga;52,8;29,9;56,6;9,0;58;33;56,9;9;
Norberg;1962;Västmanlands län;19;Kommunal;52,8;29,9;56,6;9,0;58;33;56,9;9;
Nordanstig;2132;Gävleborgs län;21;Samtliga;70,8;46,8;66,1;5,8;91;62;68,1;6;
Nordanstig;2132;Gävleborgs län;21;Kommunal;65,6;44,8;68,4;5,8;78;57;73,1;6;
Nordanstig;2132;Gävleborgs län;21;Enskild;5,2;2,0;37,6;.;13;5;38,5;.;
Nordmaling;2401;Västerbottens län;24;Samtliga;54,4;42,6;78,3;4,0;63;54;85,7;7;
Nordmaling;2401;Västerbottens län;24;Kommunal;54,4;42,6;78,3;4,0;63;54;85,7;7;
Norrköping;0581;Östergötlands län;05;Samtliga;1 214,1;800,3;65,9;131,8;1 393;1 034;74,2;140;
Norrköping;0581;Östergötlands län;05;Kommunal;1 033,0;683,3;66,2;112,1;1 177;884;75,1;117;
Norrköping;0581;Östergötlands län;05;Enskild;181,2;117,0;64,6;19,7;216;150;69,4;23;
Norrtälje;0188;Stockholms län;01;Samtliga;388,1;255,2;65,8;37,9;464;339;73,1;40;
Norrtälje;0188;Stockholms län;01;Kommunal;298,4;205,0;68,7;26,9;346;260;75,1;28;
Norrtälje;0188;Stockholms län;01;Enskild;89,7;50,2;56,0;11,1;121;79;65,3;12;
Norsjö;2417;Västerbottens län;24;Samtliga;44,6;28,1;63,0;2,9;52;33;63,5;3;
Norsjö;2417;Västerbottens län;24;Kommunal;44,6;28,1;63,0;2,9;52;33;63,5;3;
Nybro;0881;Kalmar län;08;Samtliga;162,1;122,8;75,8;15,9;191;176;92,1;17;
Nybro;0881;Kalmar län;08;Kommunal;155,6;117,8;75,7;15,9;182;168;92,3;17;
Nybro;0881;Kalmar län;08;Enskild;6,5;5,0;77,0;.;12;9;75,0;.;
Nykvarn;0140;Stockholms län;01;Samtliga;106,6;73,2;68,6;14,8;114;88;77,2;15;
Nykvarn;0140;Stockholms län;01;Kommunal;106,6;73,2;68,6;14,8;114;88;77,2;15;
Nyköping;0480;Södermanlands län;04;Samtliga;464,7;305,8;65,8;48,1;536;384;71,6;52;
Nyköping;0480;Södermanlands län;04;Kommunal;347,6;226,7;65,2;35,7;396;279;70,5;38;
Nyköping;0480;Södermanlands län;04;Enskild;117,1;79,1;67,6;12,4;141;105;74,5;14;
Nynäshamn;0192;Stockholms län;01;Samtliga;167,7;97,7;58,3;18,6;188;125;66,5;20;
Nynäshamn;0192;Stockholms län;01;Kommunal;165,2;97,0;58,7;18,6;185;123;66,5;20;
Nynäshamn;0192;Stockholms län;01;Enskild;2,5;0,7;29,0;.;3;2;66,7;.;
Nässjö;0682;Jönköpings län;06;Samtliga;280,5;201,6;71,9;16,9;336;267;79,5;25;
Nässjö;0682;Jönköpings län;06;Kommunal;280,5;201,6;71,9;16,9;336;267;79,5;25;
Ockelbo;2101;Gävleborgs län;21;Samtliga;37,2;25,5;68,5;2,9;44;30;68,2;3;
Ockelbo;2101;Gävleborgs län;21;Kommunal;37,2;25,5;68,5;2,9;44;30;68,2;3;
Olofström;1060;Blekinge län;10;Samtliga;109,3;81,1;74,2;9,4;125;98;78,4;11;
Olofström;1060;Blekinge län;10;Kommunal;109,3;81,1;74,2;9,4;125;98;78,4;11;
Orsa;2034;Dalarnas län;20;Samtliga;51,3;37,3;72,8;6,8;62;45;72,6;7;
Orsa;2034;Dalarnas län;20;Kommunal;48,2;35,7;74,0;5,8;55;43;78,2;6;
Orsa;2034;Dalarnas län;20;Enskild;3,1;1,7;53,5;1,0;7;2;28,6;1;
Orust;1421;Västra Götalands län;14;Samtliga;102,2;83,5;81,7;10,2;128;108;84,4;12;
Orust;1421;Västra Götalands län;14;Kommunal;93,6;77,9;83,3;9,6;115;99;86,1;11;
Orust;1421;Västra Götalands län;14;Enskild;8,6;5,6;64,8;0,6;13;9;69,2;1;
Osby;1273;Skåne län;12;Samtliga;115,3;71,6;62,1;11,8;134;98;73,1;15;
Osby;1273;Skåne län;12;Kommunal;115,3;71,6;62,1;11,8;134;98;73,1;15;
Oskarshamn;0882;Kalmar län;08;Samtliga;244,2;183,8;75,3;18,6;268;228;85,1;19;
Oskarshamn;0882;Kalmar län;08;Kommunal;241,4;182,6;75,6;17,6;264;226;85,6;18;
Oskarshamn;0882;Kalmar län;08;Enskild;2,9;1,3;44,2;1,0;4;2;50,0;1;
Ovanåker;2121;Gävleborgs län;21;Samtliga;102,9;73,8;71,7;15,7;119;96;80,7;17;
Ovanåker;2121;Gävleborgs län;21;Kommunal;102,9;73,8;71,7;15,7;119;96;80,7;17;
Oxelösund;0481;Södermanlands län;04;Samtliga;79,9;51,0;63,8;12,8;92;72;78,3;14;
Oxelösund;0481;Södermanlands län;04;Kommunal;79,9;51,0;63,8;12,8;92;72;78,3;14;
Pajala;2521;Norrbottens län;25;Samtliga;54,1;30,1;55,7;5,9;69;42;60,9;6;
Pajala;2521;Norrbottens län;25;Kommunal;49,1;28,0;57,0;5,9;61;39;63,9;6;
Pajala;2521;Norrbottens län;25;Enskild;5,0;2,1;42,8;.;8;3;37,5;.;
Partille;1402;Västra Götalands län;14;Samtliga;327,3;253,9;77,6;41,9;394;326;82,7;46;
Partille;1402;Västra Götalands län;14;Kommunal;312,2;243,0;77,8;40,9;374;311;83,2;45;
Partille;1402;Västra Götalands län;14;Enskild;15,1;10,9;72,3;1,0;20;15;75,0;1;
Perstorp;1275;Skåne län;12;Samtliga;68,8;43,0;62,6;10,4;78;59;75,6;11;
Perstorp;1275;Skåne län;12;Kommunal;68,8;43,0;62,6;10,4;78;59;75,6;11;
Piteå;2581;Norrbottens län;25;Samtliga;318,4;270,1;84,8;45,0;382;350;91,6;49;
Piteå;2581;Norrbottens län;25;Kommunal;307,8;260,6;84,7;42,0;364;335;92,0;46;
Piteå;2581;Norrbottens län;25;Enskild;10,7;9,5;89,4;3,0;20;16;80,0;3;
Ragunda;2303;Jämtlands län;23;Samtliga;53,2;19,8;37,2;8,0;58;29;50,0;8;
Ragunda;2303;Jämtlands län;23;Kommunal;53,2;19,8;37,2;8,0;58;29;50,0;8;
Robertsfors;2409;Västerbottens län;24;Samtliga;53,6;45,9;85,6;5,0;69;61;88,4;6;
Robertsfors;2409;Västerbottens län;24;Kommunal;53,6;45,9;85,6;5,0;69;61;88,4;6;
Ronneby;1081;Blekinge län;10;Samtliga;282,1;181,0;64,2;29,9;323;233;72,1;32;
Ronneby;1081;Blekinge län;10;Kommunal;249,5;161,3;64,7;26,2;283;207;73,1;28;
Ronneby;1081;Blekinge län;10;Enskild;32,6;19,7;60,3;3,7;40;26;65,0;4;
Rättvik;2031;Dalarnas län;20;Samtliga;69,1;50,4;73,0;3,2;84;65;77,4;4;
Rättvik;2031;Dalarnas län;20;Kommunal;69,1;50,4;73,0;3,2;84;65;77,4;4;
Sala;1981;Västmanlands län;19;Samtliga;198,8;123,6;62,2;24,3;229;161;70,3;26;
Sala;1981;Västmanlands län;19;Kommunal;198,8;123,6;62,2;24,3;229;161;70,3;26;
Salem;0128;Stockholms län;01;Samtliga;159,4;108,1;67,9;25,1;179;133;74,3;28;
Salem;0128;Stockholms län;01;Kommunal;132,8;88,1;66,3;18,7;147;106;72,1;21;
Salem;0128;Stockholms län;01;Enskild;26,5;20,0;75,5;6,4;32;27;84,4;7;
Sandviken;2181;Gävleborgs län;21;Samtliga;314,3;189,2;60,2;48,8;354;252;71,2;51;
Sandviken;2181;Gävleborgs län;21;Kommunal;301,7;182,5;60,5;45,8;337;241;71,5;48;
Sandviken;2181;Gävleborgs län;21;Enskild;12,6;6,7;53,2;3,0;17;11;64,7;3;
Sigtuna;0191;Stockholms län;01;Samtliga;344,3;216,9;63,0;44,2;394;295;74,9;49;
Sigtuna;0191;Stockholms län;01;Kommunal;304,1;193,1;63,5;39,5;338;256;75,7;43;
Sigtuna;0191;Stockholms län;01;Enskild;40,2;23,8;59,2;4,7;58;40;69,0;6;
Simrishamn;1291;Skåne län;12;Samtliga;116,2;79,0;68,0;16,4;140;108;77,1;17;
Simrishamn;1291;Skåne län;12;Kommunal;86,5;60,2;69,6;14,4;100;80;80,0;15;
Simrishamn;1291;Skåne län;12;Enskild;29,7;18,8;63,3;2,0;41;29;70,7;2;
Sjöbo;1265;Skåne län;12;Samtliga;129,8;69,2;53,3;14,7;162;110;67,9;15;
Sjöbo;1265;Skåne län;12;Kommunal;102,9;52,9;51,4;13,7;119;80;67,2;14;
Sjöbo;1265;Skåne län;12;Enskild;26,9;16,3;60,6;1,0;43;30;69,8;1;
Skara;1495;Västra Götalands län;14;Samtliga;150,3;110,3;73,4;16,8;174;146;83,9;18;
Skara;1495;Västra Götalands län;14;Kommunal;133,1;101,9;76,6;15,9;149;130;87,2;17;
Skara;1495;Västra Götalands län;14;Enskild;17,2;8,4;48,6;0,9;25;16;64,0;1;
Skellefteå;2482;Västerbottens län;24;Samtliga;566,4;461,2;81,4;76,0;659;606;92,0;83;
Skellefteå;2482;Västerbottens län;24;Kommunal;550,4;452,3;82,2;73,6;630;589;93,5;80;
Skellefteå;2482;Västerbottens län;24;Enskild;16,0;8,9;56,0;2,5;29;17;58,6;3;
Skinnskatteberg;1904;Västmanlands län;19;Samtliga;35,5;21,6;61,0;5,0;40;28;70,0;5;
Skinnskatteberg;1904;Västmanlands län;19;Kommunal;35,5;21,6;61,0;5,0;40;28;70,0;5;
Skurup;1264;Skåne län;12;Samtliga;125,6;90,9;72,4;14,0;141;109;77,3;15;
Skurup;1264;Skåne län;12;Kommunal;122,1;88,9;72,8;14,0;136;106;77,9;15;
Skurup;1264;Skåne län;12;Enskild;3,5;2,0;57,1;.;6;4;66,7;.;
Skövde;1496;Västra Götalands län;14;Samtliga;390,8;299,9;76,8;68,5;465;374;80,4;72;
Skövde;1496;Västra Götalands län;14;Kommunal;339,9;263,5;77,5;62,8;406;330;81,3;66;
Skövde;1496;Västra Götalands län;14;Enskild;50,9;36,4;71,6;5,7;61;45;73,8;6;
Smedjebacken;2061;Dalarnas län;20;Samtliga;84,0;50,0;59,5;14,6;92;68;73,9;15;
Smedjebacken;2061;Dalarnas län;20;Kommunal;84,0;50,0;59,5;14,6;92;68;73,9;15;
Sollefteå;2283;Västernorrlands län;22;Samtliga;151,5;81,0;53,5;24,3;181;108;59,7;25;
Sollefteå;2283;Västernorrlands län;22;Kommunal;149,3;80,5;53,9;24,3;177;107;60,5;25;
Sollefteå;2283;Västernorrlands län;22;Enskild;2,2;0,6;25,2;.;5;1;20,0;.;
Sollentuna;0163;Stockholms län;01;Samtliga;671,5;490,3;73,0;92,4;754;623;82,6;96;
Sollentuna;0163;Stockholms län;01;Kommunal;519,0;406,0;78,2;69,1;570;501;87,9;72;
Sollentuna;0163;Stockholms län;01;Enskild;152,5;84,3;55,3;23,3;184;122;66,3;24;
Solna;0184;Stockholms län;01;Samtliga;359,1;255,6;71,2;28,5;414;325;78,5;31;
Solna;0184;Stockholms län;01;Kommunal;237,7;178,2;75,0;16,9;264;224;84,8;18;
Solna;0184;Stockholms län;01;Enskild;121,5;77,5;63,8;11,6;151;101;66,9;13;
Sorsele;2422;Västerbottens län;24;Samtliga;17,9;14,2;79,4;2,9;25;18;72,0;3;
Sorsele;2422;Västerbottens län;24;Kommunal;17,9;14,2;79,4;2,9;25;18;72,0;3;
Sotenäs;1427;Västra Götalands län;14;Samtliga;53,1;36,9;69,4;6,6;70;50;71,4;7;
Sotenäs;1427;Västra Götalands län;14;Kommunal;53,1;36,9;69,4;6,6;70;50;71,4;7;
Staffanstorp;1230;Skåne län;12;Samtliga;248,6;195,7;78,7;34,6;281;236;84,0;37;
Staffanstorp;1230;Skåne län;12;Kommunal;238,4;187,7;78,7;33,6;266;226;85,0;36;
Staffanstorp;1230;Skåne län;12;Enskild;10,2;8,0;78,4;1,0;15;10;66,7;1;
Stenungsund;1415;Västra Götalands län;14;Samtliga;236,1;188,1;79,7;21,0;291;248;85,2;24;
Stenungsund;1415;Västra Götalands län;14;Kommunal;221,9;176,3;79,5;21,0;274;233;85,0;24;
Stenungsund;1415;Västra Götalands län;14;Enskild;14,2;11,7;82,5;.;17;15;88,2;.;
Stockholm;0180;Stockholms län;01;Samtliga;5 775,5;4 312,5;74,7;770,8;6 431;5 282;82,1;815;
Stockholm;0180;Stockholms län;01;Kommunal;4 513,2;3 515,3;77,9;623,4;4 879;4 197;86,0;651;
Stockholm;0180;Stockholms län;01;Enskild;1 262,2;797,3;63,2;147,4;1 562;1 093;70,0;164;
Storfors;1760;Värmlands län;17;Samtliga;35,4;30,3;85,5;5,0;49;40;81,6;5;
Storfors;1760;Värmlands län;17;Kommunal;33,5;29,0;86,5;5,0;35;31;88,6;5;
Storfors;1760;Värmlands län;17;Enskild;2,0;1,3;69,0;.;14;9;64,3;.;
Storuman;2421;Västerbottens län;24;Samtliga;43,9;32,0;72,8;5,5;58;42;72,4;6;
Storuman;2421;Västerbottens län;24;Kommunal;42,2;31,0;73,4;5,5;56;41;73,2;6;
Storuman;2421;Västerbottens län;24;Statlig;1,7;1,0;57,6;.;2;1;50,0;.;
Strängnäs;0486;Södermanlands län;04;Samtliga;280,8;170,6;60,8;36,0;309;214;69,3;39;
Strängnäs;0486;Södermanlands län;04;Kommunal;165,3;104,9;63,4;18,8;182;129;70,9;19;
Strängnäs;0486;Södermanlands län;04;Enskild;115,5;65,8;57,0;17,2;130;88;67,7;20;
Strömstad;1486;Västra Götalands län;14;Samtliga;114,6;62,4;54,4;13,2;135;84;62,2;14;
Strömstad;1486;Västra Götalands län;14;Kommunal;114,6;62,4;54,4;13,2;135;84;62,2;14;
Strömsund;2313;Jämtlands län;23;Samtliga;102,6;59,1;57,6;10,3;127;82;64,6;11;
Strömsund;2313;Jämtlands län;23;Kommunal;102,6;59,1;57,6;10,3;127;82;64,6;11;
Sundbyberg;0183;Stockholms län;01;Samtliga;276,6;204,2;73,8;26,2;316;251;79,4;32;
Sundbyberg;0183;Stockholms län;01;Kommunal;172,8;129,6;75,0;14,2;196;158;80,6;17;
Sundbyberg;0183;Stockholms län;01;Enskild;103,8;74,5;71,8;12,0;120;93;77,5;15;
Sundsvall;2281;Västernorrlands län;22;Samtliga;735,2;543,2;73,9;104,6;811;655;80,8;110;
Sundsvall;2281;Västernorrlands län;22;Kommunal;593,5;455,6;76,8;91,7;649;548;84,4;95;
Sundsvall;2281;Västernorrlands län;22;Enskild;141,8;87,7;61,9;13,0;164;109;66,5;15;
Sunne;1766;Värmlands län;17;Samtliga;97,1;61,1;62,9;16,0;134;87;64,9;18;
Sunne;1766;Värmlands län;17;Kommunal;91,2;57,5;63,0;15,0;124;83;66,9;17;
Sunne;1766;Värmlands län;17;Enskild;5,8;3,6;61,0;1,0;12;5;41,7;1;
Surahammar;1907;Västmanlands län;19;Samtliga;82,5;55,6;67,4;9,0;94;67;71,3;10;
Surahammar;1907;Västmanlands län;19;Kommunal;82,5;55,6;67,4;9,0;94;67;71,3;10;
Svalöv;1214;Skåne län;12;Samtliga;129,0;85,2;66,0;15,6;150;109;72,7;16;
Svalöv;1214;Skåne län;12;Kommunal;105,3;72,6;69,0;13,7;119;91;76,5;14;
Svalöv;1214;Skåne län;12;Enskild;23,7;12,5;53,0;1,9;32;19;59,4;2;
Svedala;1263;Skåne län;12;Samtliga;217,5;171,7;79,0;22,5;254;220;86,6;24;
Svedala;1263;Skåne län;12;Kommunal;212,8;169,2;79,5;22,5;244;213;87,3;24;
Svedala;1263;Skåne län;12;Enskild;4,7;2,5;53,6;.;10;7;70,0;.;
Svenljunga;1465;Västra Götalands län;14;Samtliga;81,4;49,9;61,3;10,8;92;63;68,5;11;
Svenljunga;1465;Västra Götalands län;14;Kommunal;81,4;49,9;61,3;10,8;92;63;68,5;11;
Säffle;1785;Värmlands län;17;Samtliga;139,4;97,5;69,9;15,2;167;136;81,4;17;
Säffle;1785;Värmlands län;17;Kommunal;130,5;92,5;70,9;14,0;152;127;83,6;15;
Säffle;1785;Värmlands län;17;Enskild;8,9;5,0;55,5;1,2;18;11;61,1;2;
Säter;2082;Dalarnas län;20;Samtliga;84,0;59,8;71,2;10,3;100;70;70,0;12;
Säter;2082;Dalarnas län;20;Kommunal;84,0;59,8;71,2;10,3;100;70;70,0;12;
Sävsjö;0684;Jönköpings län;06;Samtliga;116,2;79,2;68,2;15,5;156;112;71,8;17;
Sävsjö;0684;Jönköpings län;06;Kommunal;106,8;73,8;69,1;14,8;142;104;73,2;16;
Sävsjö;0684;Jönköpings län;06;Enskild;9,4;5,3;57,0;0,8;14;8;57,1;1;
Söderhamn;2182;Gävleborgs län;21;Samtliga;187,6;109,2;58,2;24,6;217;140;64,5;25;
Söderhamn;2182;Gävleborgs län;21;Kommunal;174,5;106,4;61,0;23,9;199;136;68,3;25;
Söderhamn;2182;Gävleborgs län;21;Enskild;13,1;2,8;21,4;0,7;19;5;26,3;1;
Söderköping;0582;Östergötlands län;05;Samtliga;120,2;95,0;79,1;8,5;152;130;85,5;11;
Söderköping;0582;Östergötlands län;05;Kommunal;118,5;94,3;79,5;8,5;150;128;85,3;11;
Söderköping;0582;Östergötlands län;05;Enskild;1,7;0,8;46,8;.;2;2;100,0;.;
Södertälje;0181;Stockholms län;01;Samtliga;716,3;452,3;63,1;104,1;781;569;72,9;108;
Södertälje;0181;Stockholms län;01;Kommunal;593,0;372,5;62,8;86,5;640;471;73,6;90;
Södertälje;0181;Stockholms län;01;Enskild;123,3;79,8;64,7;17,7;141;98;69,5;18;
Sölvesborg;1083;Blekinge län;10;Samtliga;142,2;104,9;73,8;18,6;162;130;80,2;19;
Sölvesborg;1083;Blekinge län;10;Kommunal;142,2;104,9;73,8;18,6;162;130;80,2;19;
Tanum;1435;Västra Götalands län;14;Samtliga;96,1;72,2;75,2;11,5;114;93;81,6;13;
Tanum;1435;Västra Götalands län;14;Kommunal;94,1;70,5;74,9;10,5;112;91;81,3;12;
Tanum;1435;Västra Götalands län;14;Enskild;2,0;1,7;85,0;1,0;2;2;100,0;1;
Tibro;1472;Västra Götalands län;14;Samtliga;106,3;77,7;73,0;16,1;123;106;86,2;17;
Tibro;1472;Västra Götalands län;14;Kommunal;106,3;77,7;73,0;16,1;123;106;86,2;17;
Tidaholm;1498;Västra Götalands län;14;Samtliga;100,4;71,9;71,6;3,0;112;90;80,4;3;
Tidaholm;1498;Västra Götalands län;14;Kommunal;100,4;71,9;71,6;3,0;112;90;80,4;3;
Tierp;0360;Uppsala län;03;Samtliga;150,8;90,7;60,1;18,5;176;130;73,9;21;
Tierp;0360;Uppsala län;03;Kommunal;150,8;90,7;60,1;18,5;176;130;73,9;21;
Timrå;2262;Västernorrlands län;22;Samtliga;135,9;98,2;72,3;15,9;146;126;86,3;16;
Timrå;2262;Västernorrlands län;22;Kommunal;135,9;98,2;72,3;15,9;146;126;86,3;16;
Tingsryd;0763;Kronobergs län;07;Samtliga;83,3;54,1;64,9;10,3;105;73;69,5;11;
Tingsryd;0763;Kronobergs län;07;Kommunal;70,7;49,4;70,0;10,3;88;66;75,0;11;
Tingsryd;0763;Kronobergs län;07;Enskild;12,6;4,6;36,7;.;19;8;42,1;.;
Tjörn;1419;Västra Götalands län;14;Samtliga;116,2;86,1;74,1;12,7;131;116;88,5;14;
Tjörn;1419;Västra Götalands län;14;Kommunal;115,0;85,7;74,5;12,7;129;115;89,1;14;
Tjörn;1419;Västra Götalands län;14;Enskild;1,2;0,4;29,2;.;2;1;50,0;.;
Tomelilla;1270;Skåne län;12;Samtliga;103,2;77,4;75,0;10,8;118;102;86,4;11;
Tomelilla;1270;Skåne län;12;Kommunal;95,8;70,7;73,8;9,8;108;92;85,2;10;
Tomelilla;1270;Skåne län;12;Enskild;7,4;6,6;90,4;1,0;10;10;100,0;1;
Torsby;1737;Värmlands län;17;Samtliga;82,9;57,4;69,3;13,1;101;73;72,3;14;
Torsby;1737;Värmlands län;17;Kommunal;82,9;57,4;69,3;13,1;101;73;72,3;14;
Torsås;0834;Kalmar län;08;Samtliga;46,1;34,5;74,8;8,6;61;48;78,7;9;
Torsås;0834;Kalmar län;08;Kommunal;46,1;34,5;74,8;8,6;61;48;78,7;9;
Tranemo;1452;Västra Götalands län;14;Samtliga;108,0;86,0;79,6;16,5;126;103;81,7;18;
Tranemo;1452;Västra Götalands län;14;Kommunal;108,0;86,0;79,6;16,5;126;103;81,7;18;
Tranås;0687;Jönköpings län;06;Samtliga;154,9;118,2;76,3;19,5;175;146;83,4;21;
Tranås;0687;Jönköpings län;06;Kommunal;154,9;118,2;76,3;19,5;175;146;83,4;21;
Trelleborg;1287;Skåne län;12;Samtliga;310,0;215,0;69,4;41,2;362;286;79,0;45;
Trelleborg;1287;Skåne län;12;Kommunal;290,8;205,8;70,8;36,9;337;273;81,0;40;
Trelleborg;1287;Skåne län;12;Enskild;19,2;9,2;48,1;4,3;26;14;53,8;5;
Trollhättan;1488;Västra Götalands län;14;Samtliga;469,3;315,3;67,2;74,5;552;422;76,4;80;
Trollhättan;1488;Västra Götalands län;14;Kommunal;401,8;269,8;67,1;64,7;472;367;77,8;70;
Trollhättan;1488;Västra Götalands län;14;Enskild;67,5;45,5;67,5;9,8;80;55;68,8;10;
Trosa;0488;Södermanlands län;04;Samtliga;101,6;69,9;68,8;11,4;118;88;74,6;13;
Trosa;0488;Södermanlands län;04;Kommunal;101,6;69,9;68,8;11,4;118;88;74,6;13;
Tyresö;0138;Stockholms län;01;Samtliga;384,7;277,0;72,0;60,1;433;347;80,1;64;
Tyresö;0138;Stockholms län;01;Kommunal;360,5;258,2;71,6;55,1;403;323;80,1;59;
Tyresö;0138;Stockholms län;01;Enskild;24,3;18,8;77,7;5,0;32;24;75,0;5;
Täby;0160;Stockholms län;01;Samtliga;595,5;430,8;72,3;94,3;683;544;79,6;101;
Täby;0160;Stockholms län;01;Kommunal;372,8;286,2;76,8;66,7;428;357;83,4;72;
Täby;0160;Stockholms län;01;Enskild;222,7;144,6;64,9;27,6;258;190;73,6;29;
Töreboda;1473;Västra Götalands län;14;Samtliga;93,2;58,0;62,3;10,5;113;77;68,1;12;
Töreboda;1473;Västra Götalands län;14;Kommunal;86,9;53,6;61,7;10,5;104;70;67,3;12;
Töreboda;1473;Västra Götalands län;14;Enskild;6,3;4,4;70,7;.;9;7;77,8;.;
Uddevalla;1485;Västra Götalands län;14;Samtliga;486,0;336,5;69,2;43,8;563;444;78,9;49;
Uddevalla;1485;Västra Götalands län;14;Kommunal;416,1;294,7;70,8;37,9;481;389;80,9;42;
Uddevalla;1485;Västra Götalands län;14;Enskild;69,9;41,8;59,8;5,9;82;55;67,1;7;
Ulricehamn;1491;Västra Götalands län;14;Samtliga;206,9;141,1;68,2;24,1;234;178;76,1;26;
Ulricehamn;1491;Västra Götalands län;14;Kommunal;198,0;134,3;67,8;24,1;222;167;75,2;26;
Ulricehamn;1491;Västra Götalands län;14;Enskild;8,9;6,9;77,2;.;14;12;85,7;.;
Umeå;2480;Västerbottens län;24;Samtliga;863,0;720,7;83,5;74,5;993;914;92,0;81;
Umeå;2480;Västerbottens län;24;Kommunal;764,3;648,2;84,8;59,5;878;822;93,6;66;
Umeå;2480;Västerbottens län;24;Enskild;98,7;72,6;73,5;15,0;118;94;79,7;15;
Upplands Väsby;0114;Stockholms län;01;Samtliga;287,8;195,5;67,9;41,9;335;259;77,3;47;
Upplands Väsby;0114;Stockholms län;01;Kommunal;158,8;118,5;74,7;23,6;177;152;85,9;26;
Upplands Väsby;0114;Stockholms län;01;Enskild;129,1;77,0;59,6;18,3;158;107;67,7;21;
Upplands-Bro;0139;Stockholms län;01;Samtliga;215,7;142,8;66,2;32,8;253;189;74,7;34;
Upplands-Bro;0139;Stockholms län;01;Kommunal;194,6;130,1;66,9;30,8;219;170;77,6;32;
Upplands-Bro;0139;Stockholms län;01;Enskild;21,1;12,7;60,1;2,0;34;19;55,9;2;
Uppsala;0380;Uppsala län;03;Samtliga;1 568,9;1 169,2;74,5;191,5;1 781;1 501;84,3;212;
Uppsala;0380;Uppsala län;03;Kommunal;1 309,4;980,8;74,9;156,4;1 460;1 252;85,8;171;
Uppsala;0380;Uppsala län;03;Enskild;259,5;188,4;72,6;35,2;325;253;77,8;41;
Uppvidinge;0760;Kronobergs län;07;Samtliga;76,3;56,3;73,7;6,3;88;70;79,5;7;
Uppvidinge;0760;Kronobergs län;07;Kommunal;73,0;54,2;74,2;6,3;83;67;80,7;7;
Uppvidinge;0760;Kronobergs län;07;Enskild;3,3;2,1;63,0;.;7;4;57,1;.;
Vadstena;0584;Östergötlands län;05;Samtliga;52,9;45,7;86,4;7,0;61;57;93,4;8;
Vadstena;0584;Östergötlands län;05;Kommunal;52,9;45,7;86,4;7,0;61;57;93,4;8;
Vaggeryd;0665;Jönköpings län;06;Samtliga;122,5;93,7;76,4;14,4;150;122;81,3;15;
Vaggeryd;0665;Jönköpings län;06;Kommunal;116,8;88,7;75,9;14,4;143;116;81,1;15;
Vaggeryd;0665;Jönköpings län;06;Enskild;5,7;5,0;87,4;.;8;7;87,5;.;
Valdemarsvik;0563;Östergötlands län;05;Samtliga;57,8;37,6;65,0;7,4;72;55;76,4;9;
Valdemarsvik;0563;Östergötlands län;05;Kommunal;52,9;34,8;65,8;7,4;65;51;78,5;9;
Valdemarsvik;0563;Östergötlands län;05;Enskild;4,9;2,8;57,4;.;7;4;57,1;.;
Vallentuna;0115;Stockholms län;01;Samtliga;287,5;195,7;68,1;37,4;331;240;72,5;41;
Vallentuna;0115;Stockholms län;01;Kommunal;231,5;161,0;69,5;31,3;260;198;76,2;34;
Vallentuna;0115;Stockholms län;01;Enskild;56,0;34,7;62,0;6,2;71;42;59,2;7;
Vansbro;2021;Dalarnas län;20;Samtliga;59,8;32,1;53,6;4,7;81;46;56,8;5;
Vansbro;2021;Dalarnas län;20;Kommunal;55,8;31,0;55,5;4,7;71;43;60,6;5;
Vansbro;2021;Dalarnas län;20;Enskild;4,0;1,1;27,0;.;10;3;30,0;.;
Vara;1470;Västra Götalands län;14;Samtliga;124,6;94,2;75,6;15,7;147;121;82,3;16;
Vara;1470;Västra Götalands län;14;Kommunal;112,6;83,3;74,0;13,7;130;106;81,5;14;
Vara;1470;Västra Götalands län;14;Enskild;12,0;10,9;90,8;2,0;17;15;88,2;2;
Varberg;1383;Hallands län;13;Samtliga;518,1;412,1;79,5;65,8;604;522;86,4;71;
Varberg;1383;Hallands län;13;Kommunal;480,5;386,8;80,5;63,0;543;483;89,0;68;
Varberg;1383;Hallands län;13;Enskild;37,6;25,3;67,3;2,8;63;41;65,1;3;
Vaxholm;0187;Stockholms län;01;Samtliga;106,4;84,3;79,3;13,4;123;101;82,1;14;
Vaxholm;0187;Stockholms län;01;Kommunal;103,3;82,1;79,4;13,4;119;98;82,4;14;
Vaxholm;0187;Stockholms län;01;Enskild;3,0;2,2;73,2;.;5;4;80,0;.;
Vellinge;1233;Skåne län;12;Samtliga;316,4;263,5;83,3;42,5;359;320;89,1;44;
Vellinge;1233;Skåne län;12;Kommunal;220,9;185,9;84,2;26,6;247;225;91,1;28;
Vellinge;1233;Skåne län;12;Enskild;95,5;77,6;81,3;15,9;112;95;84,8;16;
Vetlanda;0685;Jönköpings län;06;Samtliga;234,3;156,0;66,6;31,6;280;201;71,8;33;
Vetlanda;0685;Jönköpings län;06;Kommunal;227,2;153,2;67,4;31,6;267;196;73,4;33;
Vetlanda;0685;Jönköpings län;06;Enskild;7,1;2,8;39,3;.;14;6;42,9;.;
Vilhelmina;2462;Västerbottens län;24;Samtliga;73,1;51,2;69,9;6,3;93;66;71,0;7;
Vilhelmina;2462;Västerbottens län;24;Kommunal;62,1;48,2;77,7;6,3;76;62;81,6;7;
Vilhelmina;2462;Västerbottens län;24;Enskild;11,1;2,9;26,4;.;18;5;27,8;.;
Vimmerby;0884;Kalmar län;08;Samtliga;98,2;60,6;61,7;14,9;119;78;65,5;16;
Vimmerby;0884;Kalmar län;08;Kommunal;98,2;60,6;61,7;14,9;119;78;65,5;16;
Vindeln;2404;Västerbottens län;24;Samtliga;44,9;29,4;65,5;6,1;49;37;75,5;7;
Vindeln;2404;Västerbottens län;24;Kommunal;44,9;29,4;65,5;6,1;49;37;75,5;7;
Vingåker;0428;Södermanlands län;04;Samtliga;81,6;48,5;59,5;14,1;104;73;70,2;16;
Vingåker;0428;Södermanlands län;04;Kommunal;74,4;44,0;59,2;14,1;89;60;67,4;16;
Vingåker;0428;Södermanlands län;04;Enskild;2,4;1,5;61,3;.;4;3;75,0;.;
Vänersborg;1487;Västra Götalands län;14;Samtliga;315,5;222,6;70,5;41,5;368;299;81,3;44;
Vänersborg;1487;Västra Götalands län;14;Kommunal;284,9;198,3;69,6;37,5;334;269;80,5;40;
Vänersborg;1487;Västra Götalands län;14;Enskild;30,6;24,3;79,3;4,0;34;30;88,2;4;
Vännäs;2460;Västerbottens län;24;Samtliga;67,7;60,7;89,6;8,6;103;99;96,1;12;
Vännäs;2460;Västerbottens län;24;Kommunal;64,1;57,8;90,2;8,6;97;93;95,9;12;
Vännäs;2460;Västerbottens län;24;Enskild;3,6;2,9;80,7;.;6;6;100,0;.;
Värmdö;0120;Stockholms län;01;Samtliga;334,2;247,0;73,9;51,3;390;310;79,5;55;
Värmdö;0120;Stockholms län;01;Kommunal;289,9;211,6;73,0;42,5;333;266;79,9;45;
Värmdö;0120;Stockholms län;01;Enskild;44,3;35,4;79,7;8,8;57;44;77,2;10;
Värnamo;0683;Jönköpings län;06;Samtliga;277,6;202,1;72,8;27,4;341;276;80,9;30;
Värnamo;0683;Jönköpings län;06;Kommunal;277,6;202,1;72,8;27,4;341;276;80,9;30;
Västervik;0883;Kalmar län;08;Samtliga;287,0;197,2;68,7;24,6;340;253;74,4;27;
Västervik;0883;Kalmar län;08;Kommunal;271,2;190,5;70,2;22,1;315;244;77,5;24;
Västervik;0883;Kalmar län;08;Enskild;15,8;6,7;42,3;2,5;26;10;38,5;3;
Västerås;1980;Västmanlands län;19;Samtliga;1 122,9;724,7;64,5;123,1;1 260;936;74,3;133;
Västerås;1980;Västmanlands län;19;Kommunal;884,5;589,6;66,7;91,1;980;757;77,2;97;
Västerås;1980;Västmanlands län;19;Enskild;238,3;135,1;56,7;32,1;284;183;64,4;36;
Växjö;0780;Kronobergs län;07;Samtliga;699,8;530,0;75,7;91,9;813;689;84,7;99;
Växjö;0780;Kronobergs län;07;Kommunal;656,4;503,7;76,7;86,6;759;653;86,0;93;
Växjö;0780;Kronobergs län;07;Enskild;43,4;26,3;60,6;5,3;54;36;66,7;6;
Vårgårda;1442;Västra Götalands län;14;Samtliga;99,1;68,1;68,8;11,0;127;87;68,5;12;
Vårgårda;1442;Västra Götalands län;14;Kommunal;99,1;68,1;68,8;11,0;127;87;68,5;12;
Ydre;0512;Östergötlands län;05;Samtliga;26,7;19,8;74,3;4,2;36;29;80,6;5;
Ydre;0512;Östergötlands län;05;Kommunal;26,7;19,8;74,3;4,2;36;29;80,6;5;
Ystad;1286;Skåne län;12;Samtliga;213,8;155,8;72,9;20,5;236;192;81,4;22;
Ystad;1286;Skåne län;12;Kommunal;179,2;134,5;75,1;15,5;197;164;83,2;17;
Ystad;1286;Skåne län;12;Enskild;34,7;21,3;61,4;5,0;39;28;71,8;5;
Älmhult;0765;Kronobergs län;07;Samtliga;150,9;95,5;63,2;16,0;185;128;69,2;19;
Älmhult;0765;Kronobergs län;07;Kommunal;134,5;89,0;66,1;15,5;165;118;71,5;18;
Älmhult;0765;Kronobergs län;07;Enskild;16,4;6,5;39,5;0,6;20;10;50,0;1;
Älvdalen;2039;Dalarnas län;20;Samtliga;61,3;39,7;64,8;8,9;79;54;68,4;10;
Älvdalen;2039;Dalarnas län;20;Kommunal;61,3;39,7;64,8;8,9;79;54;68,4;10;
Älvkarleby;0319;Uppsala län;03;Samtliga;84,6;57,0;67,4;9,0;95;74;77,9;10;
Älvkarleby;0319;Uppsala län;03;Kommunal;61,2;42,6;69,6;6,1;69;55;79,7;7;
Älvkarleby;0319;Uppsala län;03;Enskild;23,4;14,4;61,6;2,9;26;19;73,1;3;
Älvsbyn;2560;Norrbottens län;25;Samtliga;62,5;47,3;75,6;6,0;68;60;88,2;6;
Älvsbyn;2560;Norrbottens län;25;Kommunal;62,5;47,3;75,6;6,0;68;60;88,2;6;
Ängelholm;1292;Skåne län;12;Samtliga;342,8;276,1;80,5;35,5;382;340;89,0;38;
Ängelholm;1292;Skåne län;12;Kommunal;335,8;269,4;80,2;35,1;372;330;88,7;37;
Ängelholm;1292;Skåne län;12;Enskild;7,0;6,7;95,4;0,4;10;10;100,0;1;
Åmål;1492;Västra Götalands län;14;Samtliga;109,2;80,3;73,6;16,5;126;100;79,4;17;
Åmål;1492;Västra Götalands län;14;Kommunal;96,2;71,4;74,2;16,5;106;85;80,2;17;
Åmål;1492;Västra Götalands län;14;Enskild;13,1;9,0;68,7;.;20;15;75,0;.;
Ånge;2260;Västernorrlands län;22;Samtliga;70,7;44,4;62,8;9,4;87;62;71,3;11;
Ånge;2260;Västernorrlands län;22;Kommunal;61,1;38,7;63,3;8,4;76;52;68,4;10;
Ånge;2260;Västernorrlands län;22;Enskild;9,6;5,8;59,9;1,0;12;10;83,3;1;
Åre;2321;Jämtlands län;23;Samtliga;114,1;73,0;64,0;11,0;128;92;71,9;12;
Åre;2321;Jämtlands län;23;Kommunal;114,1;73,0;64,0;11,0;128;92;71,9;12;
Årjäng;1765;Värmlands län;17;Samtliga;89,5;57,1;63,8;12,2;110;74;67,3;14;
Årjäng;1765;Värmlands län;17;Kommunal;86,0;54,2;63,0;11,2;106;71;67,0;13;
Årjäng;1765;Värmlands län;17;Enskild;3,5;2,9;82,4;1,0;6;5;83,3;1;
Åsele;2463;Västerbottens län;24;Samtliga;23,0;16,5;71,7;3,9;26;23;88,5;4;
Åsele;2463;Västerbottens län;24;Kommunal;23,0;16,5;71,7;3,9;26;23;88,5;4;
Åstorp;1277;Skåne län;12;Samtliga;142,1;102,0;71,7;15,7;165;131;79,4;18;
Åstorp;1277;Skåne län;12;Kommunal;142,1;102,0;71,7;15,7;165;131;79,4;18;
Åtvidaberg;0561;Östergötlands län;05;Samtliga;79,2;64,9;82,0;9,2;95;81;85,3;11;
Åtvidaberg;0561;Östergötlands län;05;Kommunal;79,2;64,9;82,0;9,2;95;81;85,3;11;
Öckerö;1407;Västra Götalands län;14;Samtliga;109,2;78,5;71,9;13,3;137;113;82,5;15;
Öckerö;1407;Västra Götalands län;14;Kommunal;96,1;72,7;75,7;12,9;120;103;85,8;14;
Öckerö;1407;Västra Götalands län;14;Enskild;13,1;5,8;44,2;0,4;18;10;55,6;1;
Ödeshög;0509;Östergötlands län;05;Samtliga;36,9;28,0;75,7;2,0;44;37;84,1;2;
Ödeshög;0509;Östergötlands län;05;Kommunal;36,9;28,0;75,7;2,0;44;37;84,1;2;
Örebro;1880;Örebro län;18;Samtliga;1 143,8;787,1;68,8;120,6;1 328;1 051;79,1;139;
Örebro;1880;Örebro län;18;Kommunal;946,4;663,2;70,1;100,0;1 091;883;80,9;114;
Örebro;1880;Örebro län;18;Enskild;197,5;123,9;62,7;20,6;239;168;70,3;25;
Örkelljunga;1257;Skåne län;12;Samtliga;83,2;52,5;63,1;9,8;103;68;66,0;11;
Örkelljunga;1257;Skåne län;12;Kommunal;74,7;48,7;65,2;9,1;88;60;68,2;10;
Örkelljunga;1257;Skåne län;12;Enskild;8,6;3,8;44,7;0,8;15;8;53,3;1;
Örnsköldsvik;2284;Västernorrlands län;22;Samtliga;481,6;373,1;77,5;44,5;549;478;87,1;48;
Örnsköldsvik;2284;Västernorrlands län;22;Kommunal;461,3;358,9;77,8;42,5;516;455;88,2;46;
Örnsköldsvik;2284;Västernorrlands län;22;Enskild;20,3;14,2;70,0;2,0;34;23;67,6;2;
Östersund;2380;Jämtlands län;23;Samtliga;470,5;326,7;69,4;43,0;566;444;78,4;47;
Östersund;2380;Jämtlands län;23;Kommunal;408,6;288,9;70,7;34,9;494;389;78,7;38;
Östersund;2380;Jämtlands län;23;Enskild;61,8;37,8;61,1;8,2;72;55;76,4;9;
Österåker;0117;Stockholms län;01;Samtliga;317,8;205,1;64,5;52,9;380;261;68,7;57;
Österåker;0117;Stockholms län;01;Kommunal;238,2;159,8;67,1;42,1;279;200;71,7;45;
Österåker;0117;Stockholms län;01;Enskild;79,6;45,3;56,9;10,8;103;63;61,2;12;
Östhammar;0382;Uppsala län;03;Samtliga;157,9;107,7;68,2;19,5;182;141;77,5;23;
Östhammar;0382;Uppsala län;03;Kommunal;157,9;107,7;68,2;19,5;182;141;77,5;23;
Östra Göinge;1256;Skåne län;12;Samtliga;119,5;84,3;70,6;15,5;141;104;73,8;16;
Östra Göinge;1256;Skåne län;12;Kommunal;114,0;82,0;71,9;15,5;130;99;76,2;16;
Östra Göinge;1256;Skåne län;12;Enskild;5,4;2,3;42,8;.;12;5;41,7;.;
Överkalix;2513;Norrbottens län;25;Samtliga;28,7;15,9;55,4;2,9;35;23;65,7;4;
Överkalix;2513;Norrbottens län;25;Kommunal;23,0;13,4;58,2;1,9;27;18;66,7;3;
Överkalix;2513;Norrbottens län;25;Enskild;5,7;2,5;44,3;1,0;8;5;62,5;1;
Övertorneå;2518;Norrbottens län;25;Samtliga;33,7;20,2;59,9;2,0;48;29;60,4;3;
Övertorneå;2518;Norrbottens län;25;Kommunal;27,1;18,6;68,6;1,2;39;26;66,7;2;
Övertorneå;2518;Norrbottens län;25;Enskild;6,6;1,6;24,4;0,8;10;3;30,0;1;

Rapportbeskrivning och definitioner etc.  
 
Statistiken avser anställda den 15 oktober valt läsår. Statistikuppgifterna redovisas både som antal och andel tjänstgörande lärare samt omräknat till heltidstjänster.
Samtliga lärare med lärarlegitimation och behörighet i minst ett ämne:
I sammanställningen ingår de lärarkategorier som omfattas av legitimationskravet. Lärarkategorier som är undantagna från legitimationskravet vid anställning utan
tidsbegränsning, såsom lärare i modersmål, lärare som bedriver annan undervisning på engelska än språkundervisning och lärare i fristående skolor med Waldorfpedagogik
ingår inte. Samma lärare kan undervisa i flera olika ämnen. 
 

Heltidstjänster, Totalt antal;Antal anställda lärare per ämne, uttryckt i antal heltidstjänster och tjänstgörande lärare.;
Antal med lärarlegitimation och behörighet;Antal och andel (%) lärare med lärarlegitimation och behörighet i respektive ämne, uttryckt i antal heltidstjänster och tjänstgörande lärare.;



